{
  "project_info": {
    "project_number": "1031955075349",
    "firebase_url": "https://orgmoodle.firebaseio.com",
    "project_id": "orgmoodle",
    "storage_bucket": "orgmoodle.appspot.com"
  },
  "client": [
    {
      "client_info": {
        "mobilesdk_app_id": "1:1031955075349:android:70de7e2844c9b5c91a191c",
        "android_client_info": {
          "package_name": "com.example.finalapp"
        }
      },
      "oauth_client": [
        {
          "client_id": "1031955075349-8avget4dglcrumrggo68vcb51f4t21am.apps.googleusercontent.com",
          "client_type": 3
        }
      ],
      "api_key": [
        {
          "current_key": "AIzaSyAhBJI-PnimvssO0qnJg2iJQvmuRRf2oCo"
        }
      ],
      "services": {
        "appinvite_service": {
          "other_platform_oauth_client": [
            {
              "client_id": "1031955075349-8avget4dglcrumrggo68vcb51f4t21am.apps.googleusercontent.com",
              "client_type": 3
            }
          ]
        }
      }
    }
  ],
  "configuration_version": "1"
}